SET SQL DIALECT 3;

SET NAMES WIN1251;

SET CLIENTLIB 'fbclient.dll';


INSERT INTO OBJECTS (OBJECT_SIGN, OBJECT_NAME, TABLE_NAME, IDFIELD_NAME, ATTR_TABLE_NAME, PROCEDURE_READ)
  VALUES ('CLIENTNOTIFY', 'Сообщение клиенту', 'CLIENTNOTIFIES', 'CLIENTNOTIFY_ID', NULL, NULL);


INSERT INTO ACTIONCODES (ACTION_SIGN, ACTION_NAME, OBJECT_SIGN, PROCEDURE_NAME)
  VALUES ('CLIENTNOTIFY_CREATE', 'Создать оповещение клиента', 'CLIENTNOTIFY', 'CLIENTNOTIFY_STORE');

INSERT INTO ACTIONCODES (ACTION_SIGN, ACTION_NAME, OBJECT_SIGN, PROCEDURE_NAME)
  VALUES ('CLIENTNOTIFY_CREATE_EMAIL', 'Создать оповещение через EMail', 'CLIENTNOTIFY', 'CLIENTNOTIFY_STORE');

INSERT INTO ACTIONCODES (ACTION_SIGN, ACTION_NAME, OBJECT_SIGN, PROCEDURE_NAME)
  VALUES ('CLIENTNOTIFY_CREATE_SMS', 'Создать оповещение через SMS', 'CLIENTNOTIFY', 'CLIENTNOTIFY_STORE');

INSERT INTO ACTIONCODES (ACTION_SIGN, ACTION_NAME, OBJECT_SIGN, PROCEDURE_NAME)
  VALUES ('CLIENTNOTIFY_SEND', 'Отправить оповещение', 'CLIENTNOTIFY', 'CLIENTNOTIFY_STORE');

INSERT INTO ACTIONCODES (ACTION_SIGN, ACTION_NAME, OBJECT_SIGN, PROCEDURE_NAME)
  VALUES ('CLIENTNOTIFY_STORE', 'Сохранить оповещение', 'CLIENTNOTIFY', NULL);

INSERT INTO ACTIONCODES (ACTION_SIGN, ACTION_NAME, OBJECT_SIGN, PROCEDURE_NAME)
  VALUES ('ORDER_4_ORDERITEM_INSTATUS', 'Итератор по артикулам заявки в в статусах', 'ORDER', NULL);

INSERT INTO ACTIONCODES (ACTION_SIGN, ACTION_NAME, OBJECT_SIGN, PROCEDURE_NAME)
  VALUES ('ORDER_4_ORDERITEM_NINSTATUS', 'Итератор по артикулам заявки не в статусах ', 'ORDER', NULL);



INSERT INTO ACTIONCODE_CRITERIAS (ACTIONCODE_SIGN, PARAM_NAME, PARAM_KIND, PARAM_ACTION, PARAM_VALUE_1, PARAM_VALUE_2)
  VALUES ('ORDERITEM_ERROR', 'STATUS_SIGN', 'S', 'IN', 'NEW,ACCEPTREQUEST', NULL);



INSERT INTO ACTIONCODE_PARAMS (ACTION_SIGN, PARAM_NAME, PARAM_KIND, PARAM_VALUE)
  VALUES ('CLIENTNOTIFY_CREATE', 'CLIENT_ID', 'I', NULL);

INSERT INTO ACTIONCODE_PARAMS (ACTION_SIGN, PARAM_NAME, PARAM_KIND, PARAM_VALUE)
  VALUES ('CLIENTNOTIFY_CREATE_EMAIL', 'CLIENT_ID', 'I', NULL);

INSERT INTO ACTIONCODE_PARAMS (ACTION_SIGN, PARAM_NAME, PARAM_KIND, PARAM_VALUE)
  VALUES ('CLIENTNOTIFY_CREATE_EMAIL', 'DELIVERYTYPE_SIGN', 'V', 'EMAIL');

INSERT INTO ACTIONCODE_PARAMS (ACTION_SIGN, PARAM_NAME, PARAM_KIND, PARAM_VALUE)
  VALUES ('CLIENTNOTIFY_CREATE_EMAIL', 'DELIVERY_ADDRESS', 'F', 'select lower(c.attr_value) from v_client_attrs c where c.object_id = [CLIENT_ID] and c.attr_sign = ''EMAIL''');

INSERT INTO ACTIONCODE_PARAMS (ACTION_SIGN, PARAM_NAME, PARAM_KIND, PARAM_VALUE)
  VALUES ('CLIENTNOTIFY_CREATE_EMAIL', 'NOTIFY_SUBJECT', 'I', NULL);

INSERT INTO ACTIONCODE_PARAMS (ACTION_SIGN, PARAM_NAME, PARAM_KIND, PARAM_VALUE)
  VALUES ('CLIENTNOTIFY_CREATE_EMAIL', 'NOTIFY_TEXT', 'I', NULL);

INSERT INTO ACTIONCODE_PARAMS (ACTION_SIGN, PARAM_NAME, PARAM_KIND, PARAM_VALUE)
  VALUES ('CLIENTNOTIFY_CREATE_SMS', 'CLIENT_ID', 'I', NULL);

INSERT INTO ACTIONCODE_PARAMS (ACTION_SIGN, PARAM_NAME, PARAM_KIND, PARAM_VALUE)
  VALUES ('CLIENTNOTIFY_CREATE_SMS', 'DELIVERYTYPE_SIGN', 'V', 'SMS');

INSERT INTO ACTIONCODE_PARAMS (ACTION_SIGN, PARAM_NAME, PARAM_KIND, PARAM_VALUE)
  VALUES ('CLIENTNOTIFY_CREATE_SMS', 'DELIVERY_ADDRESS', 'F', 'select ''+375''||substring(c.mobile_phone from 2) from clients c where c.client_id = [CLIENT_ID]');

INSERT INTO ACTIONCODE_PARAMS (ACTION_SIGN, PARAM_NAME, PARAM_KIND, PARAM_VALUE)
  VALUES ('CLIENTNOTIFY_CREATE_SMS', 'NOTIFY_TEXT', 'I', NULL);

INSERT INTO ACTIONCODE_PARAMS (ACTION_SIGN, PARAM_NAME, PARAM_KIND, PARAM_VALUE)
  VALUES ('CLIENTNOTIFY_SEND', 'ID', 'I', NULL);

INSERT INTO ACTIONCODE_PARAMS (ACTION_SIGN, PARAM_NAME, PARAM_KIND, PARAM_VALUE)
  VALUES ('CLIENTNOTIFY_SEND', 'NEW.STATUS_SIGN', 'V', 'SENT');

INSERT INTO ACTIONCODE_PARAMS (ACTION_SIGN, PARAM_NAME, PARAM_KIND, PARAM_VALUE)
  VALUES ('CLIENTNOTIFY_STORE', 'CLIENT_ID', 'I', NULL);

INSERT INTO ACTIONCODE_PARAMS (ACTION_SIGN, PARAM_NAME, PARAM_KIND, PARAM_VALUE)
  VALUES ('CLIENTNOTIFY_STORE', 'DELIVERYTYPE_SIGN', 'I', NULL);

INSERT INTO ACTIONCODE_PARAMS (ACTION_SIGN, PARAM_NAME, PARAM_KIND, PARAM_VALUE)
  VALUES ('CLIENTNOTIFY_STORE', 'DELIVERY_ADDRESS', 'I', NULL);

INSERT INTO ACTIONCODE_PARAMS (ACTION_SIGN, PARAM_NAME, PARAM_KIND, PARAM_VALUE)
  VALUES ('CLIENTNOTIFY_STORE', 'NOTIFY_TEXT', 'I', NULL);



INSERT INTO ACTIONTREE (ACTIONTREEITEM_ID, ACTION_SIGN, ORDER_NO, CHILD_ACTION)
  VALUES (45, 'ORDERITEM_ANULLED', 2, 'CLIENTNOTIFY_CREATE_SMS');

INSERT INTO ACTIONTREE (ACTIONTREEITEM_ID, ACTION_SIGN, ORDER_NO, CHILD_ACTION)
  VALUES (46, 'ORDERITEM_ERROR', 1, 'CLIENTNOTIFY_CREATE_SMS');

INSERT INTO ACTIONTREE (ACTIONTREEITEM_ID, ACTION_SIGN, ORDER_NO, CHILD_ACTION)
  VALUES (47, 'ORDERITEM_REJECT', 2, 'CLIENTNOTIFY_CREATE_SMS');

INSERT INTO ACTIONTREE (ACTIONTREEITEM_ID, ACTION_SIGN, ORDER_NO, CHILD_ACTION)
  VALUES (50, 'ORDERITEM_APPROVE', 1, 'CLIENTNOTIFY_CREATE_SMS');

INSERT INTO ACTIONTREE (ACTIONTREEITEM_ID, ACTION_SIGN, ORDER_NO, CHILD_ACTION)
  VALUES (64, 'ORDER_PACKED', 1, 'ORDER_4_ORDERITEM_NINSTATUS');

UPDATE ACTIONTREE
SET ORDER_NO = 2
WHERE (ACTIONTREEITEM_ID = 65);

UPDATE ACTIONTREE
SET ORDER_NO = 3
WHERE (ACTIONTREEITEM_ID = 66);

INSERT INTO ACTIONTREE (ACTIONTREEITEM_ID, ACTION_SIGN, ORDER_NO, CHILD_ACTION)
  VALUES (70, 'ORDER_PREPACKED', 1, 'ORDER_4_ORDERITEM_INSTATUS');

UPDATE ACTIONTREE
SET ORDER_NO = 2
WHERE (ACTIONTREEITEM_ID = 71);



INSERT INTO ACTIONTREE_CRITERIAS (ACTIONTREEITEM_ID, PARAM_NAME, PARAM_KIND, PARAM_ACTION, PARAM_VALUE_1, PARAM_VALUE_2)
  VALUES (50, 'DELTA_PRICE_EUR', 'N', '>', '0', NULL);



INSERT INTO ACTIONTREE_PARAMS (ACTIONTREEITEM_ID, PARAM_NAME, PARAM_KIND, PARAM_VALUE)
  VALUES (45, 'ARTICLE_CODE', 'A', 'ARTICLE_CODE');

INSERT INTO ACTIONTREE_PARAMS (ACTIONTREEITEM_ID, PARAM_NAME, PARAM_KIND, PARAM_VALUE)
  VALUES (45, 'CLIENT_ID', 'F', 'select client_id from orders where order_id = [ORDER_ID]');

INSERT INTO ACTIONTREE_PARAMS (ACTIONTREEITEM_ID, PARAM_NAME, PARAM_KIND, PARAM_VALUE)
  VALUES (45, 'DIMENSION', 'A', 'DIMENSION');

INSERT INTO ACTIONTREE_PARAMS (ACTIONTREEITEM_ID, PARAM_NAME, PARAM_KIND, PARAM_VALUE)
  VALUES (45, 'NOTIFY_TEXT', 'V', 'Заявка [ORDER_CODE]: Отказ арт. [ARTICLE_CODE], р-р. [DIMENSION], цена [PRICE_EUR] EUR');

INSERT INTO ACTIONTREE_PARAMS (ACTIONTREEITEM_ID, PARAM_NAME, PARAM_KIND, PARAM_VALUE)
  VALUES (45, 'ORDER_CODE', 'F', 'select order_code from orders where order_id = [ORDER_ID]');

INSERT INTO ACTIONTREE_PARAMS (ACTIONTREEITEM_ID, PARAM_NAME, PARAM_KIND, PARAM_VALUE)
  VALUES (45, 'PRICE_EUR', 'A', 'PRICE_EUR');

INSERT INTO ACTIONTREE_PARAMS (ACTIONTREEITEM_ID, PARAM_NAME, PARAM_KIND, PARAM_VALUE)
  VALUES (46, 'ARTICLE_CODE', 'A', 'ARTICLE_CODE');

INSERT INTO ACTIONTREE_PARAMS (ACTIONTREEITEM_ID, PARAM_NAME, PARAM_KIND, PARAM_VALUE)
  VALUES (46, 'CLIENT_ID', 'F', 'select client_id from orders where order_id = [ORDER_ID]');

INSERT INTO ACTIONTREE_PARAMS (ACTIONTREEITEM_ID, PARAM_NAME, PARAM_KIND, PARAM_VALUE)
  VALUES (46, 'DIMENSION', 'A', 'DIMENSION');

INSERT INTO ACTIONTREE_PARAMS (ACTIONTREEITEM_ID, PARAM_NAME, PARAM_KIND, PARAM_VALUE)
  VALUES (46, 'NOTIFY_TEXT', 'V', 'Заявка [ORDER_CODE]: Отказ арт. [ARTICLE_CODE], р-р. [DIMENSION], цена [PRICE_EUR] EUR');

INSERT INTO ACTIONTREE_PARAMS (ACTIONTREEITEM_ID, PARAM_NAME, PARAM_KIND, PARAM_VALUE)
  VALUES (46, 'ORDER_CODE', 'F', 'select order_code from orders where order_id = [ORDER_ID]');

INSERT INTO ACTIONTREE_PARAMS (ACTIONTREEITEM_ID, PARAM_NAME, PARAM_KIND, PARAM_VALUE)
  VALUES (46, 'PRICE_EUR', 'A', 'PRICE_EUR');

INSERT INTO ACTIONTREE_PARAMS (ACTIONTREEITEM_ID, PARAM_NAME, PARAM_KIND, PARAM_VALUE)
  VALUES (47, 'ARTICLE_CODE', 'A', 'ARTICLE_CODE');

INSERT INTO ACTIONTREE_PARAMS (ACTIONTREEITEM_ID, PARAM_NAME, PARAM_KIND, PARAM_VALUE)
  VALUES (47, 'CLIENT_ID', 'F', 'select client_id from orders where order_id = [ORDER_ID]');

INSERT INTO ACTIONTREE_PARAMS (ACTIONTREEITEM_ID, PARAM_NAME, PARAM_KIND, PARAM_VALUE)
  VALUES (47, 'DIMENSION', 'A', 'DIMENSION');

INSERT INTO ACTIONTREE_PARAMS (ACTIONTREEITEM_ID, PARAM_NAME, PARAM_KIND, PARAM_VALUE)
  VALUES (47, 'NOTIFY_TEXT', 'V', 'Заявка [ORDER_CODE]: Отказ арт. [ARTICLE_CODE], р-р. [DIMENSION], цена [PRICE_EUR] EUR');

INSERT INTO ACTIONTREE_PARAMS (ACTIONTREEITEM_ID, PARAM_NAME, PARAM_KIND, PARAM_VALUE)
  VALUES (47, 'ORDER_CODE', 'F', 'select order_code from orders where order_id = [ORDER_ID]');

INSERT INTO ACTIONTREE_PARAMS (ACTIONTREEITEM_ID, PARAM_NAME, PARAM_KIND, PARAM_VALUE)
  VALUES (47, 'PRICE_EUR', 'A', 'PRICE_EUR');

INSERT INTO ACTIONTREE_PARAMS (ACTIONTREEITEM_ID, PARAM_NAME, PARAM_KIND, PARAM_VALUE)
  VALUES (50, 'ARTICLE_CODE', 'A', 'ARTICLE_CODE');

INSERT INTO ACTIONTREE_PARAMS (ACTIONTREEITEM_ID, PARAM_NAME, PARAM_KIND, PARAM_VALUE)
  VALUES (50, 'CLIENT_ID', 'F', 'select client_id from orders where order_id = [ORDER_ID]');

INSERT INTO ACTIONTREE_PARAMS (ACTIONTREEITEM_ID, PARAM_NAME, PARAM_KIND, PARAM_VALUE)
  VALUES (50, 'DELTA_PRICE_EUR', 'A', 'DELTA_PRICE_EUR');

INSERT INTO ACTIONTREE_PARAMS (ACTIONTREEITEM_ID, PARAM_NAME, PARAM_KIND, PARAM_VALUE)
  VALUES (50, 'DIMENSION', 'A', 'DIMENSION');

INSERT INTO ACTIONTREE_PARAMS (ACTIONTREEITEM_ID, PARAM_NAME, PARAM_KIND, PARAM_VALUE)
  VALUES (50, 'NOTIFY_TEXT', 'V', 'Заявка [ORDER_CODE]: арт. [ARTICLE_CODE], р-р. [DIMENSION], новая цена [PRICE_EUR] (+[DELTA_PRICE_EUR]) EUR');

INSERT INTO ACTIONTREE_PARAMS (ACTIONTREEITEM_ID, PARAM_NAME, PARAM_KIND, PARAM_VALUE)
  VALUES (50, 'ORDER_CODE', 'F', 'select order_code from orders where order_id = [ORDER_ID]');

INSERT INTO ACTIONTREE_PARAMS (ACTIONTREEITEM_ID, PARAM_NAME, PARAM_KIND, PARAM_VALUE)
  VALUES (50, 'PRICE_EUR', 'A', 'PRICE_EUR');

INSERT INTO ACTIONTREE_PARAMS (ACTIONTREEITEM_ID, PARAM_NAME, PARAM_KIND, PARAM_VALUE)
  VALUES (64, 'NEW.STATUS_SIGN', 'V', 'ANULLED');

INSERT INTO ACTIONTREE_PARAMS (ACTIONTREEITEM_ID, PARAM_NAME, PARAM_KIND, PARAM_VALUE)
  VALUES (64, 'ORDER_ID', 'A', 'ID');

INSERT INTO ACTIONTREE_PARAMS (ACTIONTREEITEM_ID, PARAM_NAME, PARAM_KIND, PARAM_VALUE)
  VALUES (64, 'STATUS_SIGN_LIST', 'V', 'PACKED');

INSERT INTO ACTIONTREE_PARAMS (ACTIONTREEITEM_ID, PARAM_NAME, PARAM_KIND, PARAM_VALUE)
  VALUES (70, 'NEW.STATUS_SIGN', 'V', 'ERROR');

INSERT INTO ACTIONTREE_PARAMS (ACTIONTREEITEM_ID, PARAM_NAME, PARAM_KIND, PARAM_VALUE)
  VALUES (70, 'ORDER_ID', 'A', 'ID');

INSERT INTO ACTIONTREE_PARAMS (ACTIONTREEITEM_ID, PARAM_NAME, PARAM_KIND, PARAM_VALUE)
  VALUES (70, 'STATUS_SIGN_LIST', 'V', 'NEW');



INSERT INTO ATTRS (ATTR_ID, OBJECT_SIGN, ATTR_SIGN, ATTR_NAME, FIELD_NAME, DIRECTION)
  VALUES (2000, 'CLIENTNOTIFY', 'STATUS_ID', 'Id Состояния', 'STATUS_ID', NULL);

INSERT INTO ATTRS (ATTR_ID, OBJECT_SIGN, ATTR_SIGN, ATTR_NAME, FIELD_NAME, DIRECTION)
  VALUES (2001, 'CLIENTNOTIFY', 'CLIENT_ID', 'Id клиента', 'CLIENT_ID', 'R');

INSERT INTO ATTRS (ATTR_ID, OBJECT_SIGN, ATTR_SIGN, ATTR_NAME, FIELD_NAME, DIRECTION)
  VALUES (2002, 'CLIENTNOTIFY', 'DELIVERYTYPE_SIGN', 'Тип доставки сообщения', 'DELIVERYTYPE_SIGN', 'R');

INSERT INTO ATTRS (ATTR_ID, OBJECT_SIGN, ATTR_SIGN, ATTR_NAME, FIELD_NAME, DIRECTION)
  VALUES (2003, 'CLIENTNOTIFY', 'DELIVERY_ADDRESS', 'Адрес доставки сообщения', 'DELIVERY_ADDRESS', 'R');

INSERT INTO ATTRS (ATTR_ID, OBJECT_SIGN, ATTR_SIGN, ATTR_NAME, FIELD_NAME, DIRECTION)
  VALUES (2004, 'CLIENTNOTIFY', 'NOTIFY_TEXT', 'Текст сообщения', 'NOTIFY_TEXT', 'R');

INSERT INTO ATTRS (ATTR_ID, OBJECT_SIGN, ATTR_SIGN, ATTR_NAME, FIELD_NAME, DIRECTION)
  VALUES (2005, 'CLIENTNOTIFY', 'CREATE_DTM', 'Дата создания', 'CREATE_DTM', 'R');

INSERT INTO ATTRS (ATTR_ID, OBJECT_SIGN, ATTR_SIGN, ATTR_NAME, FIELD_NAME, DIRECTION)
  VALUES (2006, 'CLIENTNOTIFY', 'SENT_DTM', 'Дата отсылки', 'SENT_DTM', NULL);

INSERT INTO ATTRS (ATTR_ID, OBJECT_SIGN, ATTR_SIGN, ATTR_NAME, FIELD_NAME, DIRECTION)
  VALUES (2007, 'CLIENTNOTIFY', 'NOTIFY_SUBJECT', 'Предмет сообщения', 'NOTIFY_SUBJECT', 'R');



INSERT INTO STATUSES (STATUS_ID, STATUS_NAME, OBJECT_SIGN, IS_DEFAULT, STATUS_SIGN, ACTION_SIGN, FLAG_SIGN_LIST, STORE_DATE, ISSTATE)
  VALUES (65, 'Новое', 'CLIENTNOTIFY', 1, 'NEW', 'CLIENTNOTIFY_CREATE', NULL, NULL, NULL);

INSERT INTO STATUSES (STATUS_ID, STATUS_NAME, OBJECT_SIGN, IS_DEFAULT, STATUS_SIGN, ACTION_SIGN, FLAG_SIGN_LIST, STORE_DATE, ISSTATE)
  VALUES (66, 'Отправлено', 'CLIENTNOTIFY', NULL, 'SENT', NULL, NULL, NULL, NULL);



INSERT INTO FLAGS2STATUSES (STATUS_ID, FLAG_SIGN)
  VALUES (65, 'NEW');



UPDATE RECODES
SET RECODED_VALUE = 'ANULLED'
WHERE (OBJECT_SIGN = 'ORDERITEM') AND (ATTR_SIGN = 'CANCEL_CODE') AND (ORIGINAL_VALUE = '10');

INSERT INTO RECODES (OBJECT_SIGN, ATTR_SIGN, ORIGINAL_VALUE, RECODED_VALUE)
  VALUES ('ORDERITEM', 'DIMENSION', '901', '3XS');

INSERT INTO RECODES (OBJECT_SIGN, ATTR_SIGN, ORIGINAL_VALUE, RECODED_VALUE)
  VALUES ('ORDERITEM', 'DIMENSION', '902', 'XXS');

INSERT INTO RECODES (OBJECT_SIGN, ATTR_SIGN, ORIGINAL_VALUE, RECODED_VALUE)
  VALUES ('ORDERITEM', 'DIMENSION', '903', 'XS');

INSERT INTO RECODES (OBJECT_SIGN, ATTR_SIGN, ORIGINAL_VALUE, RECODED_VALUE)
  VALUES ('ORDERITEM', 'DIMENSION', '904', 'S');

INSERT INTO RECODES (OBJECT_SIGN, ATTR_SIGN, ORIGINAL_VALUE, RECODED_VALUE)
  VALUES ('ORDERITEM', 'DIMENSION', '905', 'M');

INSERT INTO RECODES (OBJECT_SIGN, ATTR_SIGN, ORIGINAL_VALUE, RECODED_VALUE)
  VALUES ('ORDERITEM', 'DIMENSION', '906', 'L');

INSERT INTO RECODES (OBJECT_SIGN, ATTR_SIGN, ORIGINAL_VALUE, RECODED_VALUE)
  VALUES ('ORDERITEM', 'DIMENSION', '907', 'XL');

INSERT INTO RECODES (OBJECT_SIGN, ATTR_SIGN, ORIGINAL_VALUE, RECODED_VALUE)
  VALUES ('ORDERITEM', 'DIMENSION', '908', 'XXL');

INSERT INTO RECODES (OBJECT_SIGN, ATTR_SIGN, ORIGINAL_VALUE, RECODED_VALUE)
  VALUES ('ORDERITEM', 'DIMENSION', '909', '3XL');

INSERT INTO RECODES (OBJECT_SIGN, ATTR_SIGN, ORIGINAL_VALUE, RECODED_VALUE)
  VALUES ('ORDERITEM', 'DIMENSION', '910', '4XL');

INSERT INTO RECODES (OBJECT_SIGN, ATTR_SIGN, ORIGINAL_VALUE, RECODED_VALUE)
  VALUES ('ORDERITEM', 'DIMENSION', '921', '5XL');

INSERT INTO RECODES (OBJECT_SIGN, ATTR_SIGN, ORIGINAL_VALUE, RECODED_VALUE)
  VALUES ('ORDERITEM', 'DIMENSION', '922', '6XL');

INSERT INTO RECODES (OBJECT_SIGN, ATTR_SIGN, ORIGINAL_VALUE, RECODED_VALUE)
  VALUES ('ORDERITEM', 'DIMENSION', '923', '7XL');

INSERT INTO RECODES (OBJECT_SIGN, ATTR_SIGN, ORIGINAL_VALUE, RECODED_VALUE)
  VALUES ('ORDERITEM', 'DIMENSION', '924', '8XL');

INSERT INTO RECODES (OBJECT_SIGN, ATTR_SIGN, ORIGINAL_VALUE, RECODED_VALUE)
  VALUES ('ORDERITEM', 'DIMENSION', '945', 'SM');

INSERT INTO RECODES (OBJECT_SIGN, ATTR_SIGN, ORIGINAL_VALUE, RECODED_VALUE)
  VALUES ('ORDERITEM', 'DIMENSION', '955', 'ML');

INSERT INTO RECODES (OBJECT_SIGN, ATTR_SIGN, ORIGINAL_VALUE, RECODED_VALUE)
  VALUES ('ORDERITEM', 'DIMENSION', '965', 'LXL');

INSERT INTO RECODES (OBJECT_SIGN, ATTR_SIGN, ORIGINAL_VALUE, RECODED_VALUE)
  VALUES ('ORDERITEM', 'DIMENSION_ENCODE', '3XL', '909');

INSERT INTO RECODES (OBJECT_SIGN, ATTR_SIGN, ORIGINAL_VALUE, RECODED_VALUE)
  VALUES ('ORDERITEM', 'DIMENSION_ENCODE', '3XS', '901');

INSERT INTO RECODES (OBJECT_SIGN, ATTR_SIGN, ORIGINAL_VALUE, RECODED_VALUE)
  VALUES ('ORDERITEM', 'DIMENSION_ENCODE', '4XL', '910');

INSERT INTO RECODES (OBJECT_SIGN, ATTR_SIGN, ORIGINAL_VALUE, RECODED_VALUE)
  VALUES ('ORDERITEM', 'DIMENSION_ENCODE', '5XL', '921');

INSERT INTO RECODES (OBJECT_SIGN, ATTR_SIGN, ORIGINAL_VALUE, RECODED_VALUE)
  VALUES ('ORDERITEM', 'DIMENSION_ENCODE', '6XL', '922');

INSERT INTO RECODES (OBJECT_SIGN, ATTR_SIGN, ORIGINAL_VALUE, RECODED_VALUE)
  VALUES ('ORDERITEM', 'DIMENSION_ENCODE', '7XL', '923');

INSERT INTO RECODES (OBJECT_SIGN, ATTR_SIGN, ORIGINAL_VALUE, RECODED_VALUE)
  VALUES ('ORDERITEM', 'DIMENSION_ENCODE', '8XL', '924');

INSERT INTO RECODES (OBJECT_SIGN, ATTR_SIGN, ORIGINAL_VALUE, RECODED_VALUE)
  VALUES ('ORDERITEM', 'DIMENSION_ENCODE', 'L', '906');

INSERT INTO RECODES (OBJECT_SIGN, ATTR_SIGN, ORIGINAL_VALUE, RECODED_VALUE)
  VALUES ('ORDERITEM', 'DIMENSION_ENCODE', 'LXL', '965');

INSERT INTO RECODES (OBJECT_SIGN, ATTR_SIGN, ORIGINAL_VALUE, RECODED_VALUE)
  VALUES ('ORDERITEM', 'DIMENSION_ENCODE', 'M', '905');

INSERT INTO RECODES (OBJECT_SIGN, ATTR_SIGN, ORIGINAL_VALUE, RECODED_VALUE)
  VALUES ('ORDERITEM', 'DIMENSION_ENCODE', 'ML', '955');

INSERT INTO RECODES (OBJECT_SIGN, ATTR_SIGN, ORIGINAL_VALUE, RECODED_VALUE)
  VALUES ('ORDERITEM', 'DIMENSION_ENCODE', 'S', '904');

INSERT INTO RECODES (OBJECT_SIGN, ATTR_SIGN, ORIGINAL_VALUE, RECODED_VALUE)
  VALUES ('ORDERITEM', 'DIMENSION_ENCODE', 'SM', '945');

INSERT INTO RECODES (OBJECT_SIGN, ATTR_SIGN, ORIGINAL_VALUE, RECODED_VALUE)
  VALUES ('ORDERITEM', 'DIMENSION_ENCODE', 'XL', '907');

INSERT INTO RECODES (OBJECT_SIGN, ATTR_SIGN, ORIGINAL_VALUE, RECODED_VALUE)
  VALUES ('ORDERITEM', 'DIMENSION_ENCODE', 'XS', '903');

INSERT INTO RECODES (OBJECT_SIGN, ATTR_SIGN, ORIGINAL_VALUE, RECODED_VALUE)
  VALUES ('ORDERITEM', 'DIMENSION_ENCODE', 'XXL', '908');

INSERT INTO RECODES (OBJECT_SIGN, ATTR_SIGN, ORIGINAL_VALUE, RECODED_VALUE)
  VALUES ('ORDERITEM', 'DIMENSION_ENCODE', 'XXS', '902');



INSERT INTO STATUS_RULES (OLD_STATUS_ID, NEW_STATUS_ID, ACTION_SIGN)
  VALUES (65, 66, 'CLIENTNOTIFY_SEND');

INSERT INTO STATUS_RULES (OLD_STATUS_ID, NEW_STATUS_ID, ACTION_SIGN)
  VALUES (171, 172, 'ORDERITEM_ERROR');

INSERT INTO STATUS_RULES (OLD_STATUS_ID, NEW_STATUS_ID, ACTION_SIGN)
  VALUES (288, 209, 'ORDERITEM_ANULLED');



UPDATE TAXRATE_ATTRS
SET ATTR_VALUE = '3'
WHERE (OBJECT_ID = 1) AND (ATTR_ID = 1301);

UPDATE TAXRATE_ATTRS
SET ATTR_VALUE = '3'
WHERE (OBJECT_ID = 31) AND (ATTR_ID = 1301);



DELETE FROM STATUS_RULES
WHERE (OLD_STATUS_ID = 102) AND (NEW_STATUS_ID = 174);
DELETE FROM STATUS_RULES
WHERE (OLD_STATUS_ID = 102) AND (NEW_STATUS_ID = 188);
DELETE FROM STATUS_RULES
WHERE (OLD_STATUS_ID = 105) AND (NEW_STATUS_ID = 174);


DELETE FROM RECODES
WHERE (OBJECT_SIGN = 'ARTICLE') AND (ATTR_SIGN = 'DIMENSION') AND (ORIGINAL_VALUE = '901');
DELETE FROM RECODES
WHERE (OBJECT_SIGN = 'ARTICLE') AND (ATTR_SIGN = 'DIMENSION') AND (ORIGINAL_VALUE = '902');
DELETE FROM RECODES
WHERE (OBJECT_SIGN = 'ARTICLE') AND (ATTR_SIGN = 'DIMENSION') AND (ORIGINAL_VALUE = '903');
DELETE FROM RECODES
WHERE (OBJECT_SIGN = 'ARTICLE') AND (ATTR_SIGN = 'DIMENSION') AND (ORIGINAL_VALUE = '904');
DELETE FROM RECODES
WHERE (OBJECT_SIGN = 'ARTICLE') AND (ATTR_SIGN = 'DIMENSION') AND (ORIGINAL_VALUE = '905');
DELETE FROM RECODES
WHERE (OBJECT_SIGN = 'ARTICLE') AND (ATTR_SIGN = 'DIMENSION') AND (ORIGINAL_VALUE = '906');
DELETE FROM RECODES
WHERE (OBJECT_SIGN = 'ARTICLE') AND (ATTR_SIGN = 'DIMENSION') AND (ORIGINAL_VALUE = '907');
DELETE FROM RECODES
WHERE (OBJECT_SIGN = 'ARTICLE') AND (ATTR_SIGN = 'DIMENSION') AND (ORIGINAL_VALUE = '908');
DELETE FROM RECODES
WHERE (OBJECT_SIGN = 'ARTICLE') AND (ATTR_SIGN = 'DIMENSION') AND (ORIGINAL_VALUE = '909');
DELETE FROM RECODES
WHERE (OBJECT_SIGN = 'ARTICLE') AND (ATTR_SIGN = 'DIMENSION') AND (ORIGINAL_VALUE = '910');
DELETE FROM RECODES
WHERE (OBJECT_SIGN = 'ARTICLE') AND (ATTR_SIGN = 'DIMENSION') AND (ORIGINAL_VALUE = '921');
DELETE FROM RECODES
WHERE (OBJECT_SIGN = 'ARTICLE') AND (ATTR_SIGN = 'DIMENSION') AND (ORIGINAL_VALUE = '922');
DELETE FROM RECODES
WHERE (OBJECT_SIGN = 'ARTICLE') AND (ATTR_SIGN = 'DIMENSION') AND (ORIGINAL_VALUE = '923');
DELETE FROM RECODES
WHERE (OBJECT_SIGN = 'ARTICLE') AND (ATTR_SIGN = 'DIMENSION') AND (ORIGINAL_VALUE = '924');
DELETE FROM RECODES
WHERE (OBJECT_SIGN = 'ARTICLE') AND (ATTR_SIGN = 'DIMENSION') AND (ORIGINAL_VALUE = '945');
DELETE FROM RECODES
WHERE (OBJECT_SIGN = 'ARTICLE') AND (ATTR_SIGN = 'DIMENSION') AND (ORIGINAL_VALUE = '955');
DELETE FROM RECODES
WHERE (OBJECT_SIGN = 'ARTICLE') AND (ATTR_SIGN = 'DIMENSION') AND (ORIGINAL_VALUE = '965');
DELETE FROM RECODES
WHERE (OBJECT_SIGN = 'ARTICLE') AND (ATTR_SIGN = 'DIMENSION_ENCODE') AND (ORIGINAL_VALUE = '3XL');
DELETE FROM RECODES
WHERE (OBJECT_SIGN = 'ARTICLE') AND (ATTR_SIGN = 'DIMENSION_ENCODE') AND (ORIGINAL_VALUE = '3XS');
DELETE FROM RECODES
WHERE (OBJECT_SIGN = 'ARTICLE') AND (ATTR_SIGN = 'DIMENSION_ENCODE') AND (ORIGINAL_VALUE = '4XL');
DELETE FROM RECODES
WHERE (OBJECT_SIGN = 'ARTICLE') AND (ATTR_SIGN = 'DIMENSION_ENCODE') AND (ORIGINAL_VALUE = '5XL');
DELETE FROM RECODES
WHERE (OBJECT_SIGN = 'ARTICLE') AND (ATTR_SIGN = 'DIMENSION_ENCODE') AND (ORIGINAL_VALUE = '6XL');
DELETE FROM RECODES
WHERE (OBJECT_SIGN = 'ARTICLE') AND (ATTR_SIGN = 'DIMENSION_ENCODE') AND (ORIGINAL_VALUE = '7XL');
DELETE FROM RECODES
WHERE (OBJECT_SIGN = 'ARTICLE') AND (ATTR_SIGN = 'DIMENSION_ENCODE') AND (ORIGINAL_VALUE = '8XL');
DELETE FROM RECODES
WHERE (OBJECT_SIGN = 'ARTICLE') AND (ATTR_SIGN = 'DIMENSION_ENCODE') AND (ORIGINAL_VALUE = 'L');
DELETE FROM RECODES
WHERE (OBJECT_SIGN = 'ARTICLE') AND (ATTR_SIGN = 'DIMENSION_ENCODE') AND (ORIGINAL_VALUE = 'LXL');
DELETE FROM RECODES
WHERE (OBJECT_SIGN = 'ARTICLE') AND (ATTR_SIGN = 'DIMENSION_ENCODE') AND (ORIGINAL_VALUE = 'M');
DELETE FROM RECODES
WHERE (OBJECT_SIGN = 'ARTICLE') AND (ATTR_SIGN = 'DIMENSION_ENCODE') AND (ORIGINAL_VALUE = 'ML');
DELETE FROM RECODES
WHERE (OBJECT_SIGN = 'ARTICLE') AND (ATTR_SIGN = 'DIMENSION_ENCODE') AND (ORIGINAL_VALUE = 'S');
DELETE FROM RECODES
WHERE (OBJECT_SIGN = 'ARTICLE') AND (ATTR_SIGN = 'DIMENSION_ENCODE') AND (ORIGINAL_VALUE = 'SM');
DELETE FROM RECODES
WHERE (OBJECT_SIGN = 'ARTICLE') AND (ATTR_SIGN = 'DIMENSION_ENCODE') AND (ORIGINAL_VALUE = 'XL');
DELETE FROM RECODES
WHERE (OBJECT_SIGN = 'ARTICLE') AND (ATTR_SIGN = 'DIMENSION_ENCODE') AND (ORIGINAL_VALUE = 'XS');
DELETE FROM RECODES
WHERE (OBJECT_SIGN = 'ARTICLE') AND (ATTR_SIGN = 'DIMENSION_ENCODE') AND (ORIGINAL_VALUE = 'XXL');
DELETE FROM RECODES
WHERE (OBJECT_SIGN = 'ARTICLE') AND (ATTR_SIGN = 'DIMENSION_ENCODE') AND (ORIGINAL_VALUE = 'XXS');
DELETE FROM RECODES
WHERE (OBJECT_SIGN = 'ARTICLECODE') AND (ATTR_SIGN = 'DIMENSION') AND (ORIGINAL_VALUE = 'altros&eacute;');
DELETE FROM RECODES
WHERE (OBJECT_SIGN = 'ARTICLECODE') AND (ATTR_SIGN = 'DIMENSION') AND (ORIGINAL_VALUE = 'beige');
DELETE FROM RECODES
WHERE (OBJECT_SIGN = 'ARTICLECODE') AND (ATTR_SIGN = 'DIMENSION') AND (ORIGINAL_VALUE = 'creme');
DELETE FROM RECODES
WHERE (OBJECT_SIGN = 'ARTICLECODE') AND (ATTR_SIGN = 'DIMENSION') AND (ORIGINAL_VALUE = 'dunkelbraun');
DELETE FROM RECODES
WHERE (OBJECT_SIGN = 'ARTICLECODE') AND (ATTR_SIGN = 'DIMENSION') AND (ORIGINAL_VALUE = 'ecru');
DELETE FROM RECODES
WHERE (OBJECT_SIGN = 'ARTICLECODE') AND (ATTR_SIGN = 'DIMENSION') AND (ORIGINAL_VALUE = 'fuchsia');
DELETE FROM RECODES
WHERE (OBJECT_SIGN = 'ARTICLECODE') AND (ATTR_SIGN = 'DIMENSION') AND (ORIGINAL_VALUE = 'gelb');
DELETE FROM RECODES
WHERE (OBJECT_SIGN = 'ARTICLECODE') AND (ATTR_SIGN = 'DIMENSION') AND (ORIGINAL_VALUE = 'gold');
DELETE FROM RECODES
WHERE (OBJECT_SIGN = 'ARTICLECODE') AND (ATTR_SIGN = 'DIMENSION') AND (ORIGINAL_VALUE = 'khaki');
DELETE FROM RECODES
WHERE (OBJECT_SIGN = 'ARTICLECODE') AND (ATTR_SIGN = 'DIMENSION') AND (ORIGINAL_VALUE = 'lila');
DELETE FROM RECODES
WHERE (OBJECT_SIGN = 'ARTICLECODE') AND (ATTR_SIGN = 'DIMENSION') AND (ORIGINAL_VALUE = 'petrol');
DELETE FROM RECODES
WHERE (OBJECT_SIGN = 'ARTICLECODE') AND (ATTR_SIGN = 'DIMENSION') AND (ORIGINAL_VALUE = 'royalblau');
DELETE FROM RECODES
WHERE (OBJECT_SIGN = 'ARTICLECODE') AND (ATTR_SIGN = 'DIMENSION') AND (ORIGINAL_VALUE = 'schwarz');
DELETE FROM RECODES
WHERE (OBJECT_SIGN = 'ARTICLECODE') AND (ATTR_SIGN = 'DIMENSION') AND (ORIGINAL_VALUE = 'silber');
DELETE FROM RECODES
WHERE (OBJECT_SIGN = 'ARTICLECODE') AND (ATTR_SIGN = 'NAME') AND (ORIGINAL_VALUE = 'Blusenbody, APART');
DELETE FROM RECODES
WHERE (OBJECT_SIGN = 'ARTICLECODE') AND (ATTR_SIGN = 'NAME') AND (ORIGINAL_VALUE = 'Kette, APART');
DELETE FROM RECODES
WHERE (OBJECT_SIGN = 'ARTICLECODE') AND (ATTR_SIGN = 'NAME') AND (ORIGINAL_VALUE = 'Rollkragen-Shirt');


DELETE FROM FLAGS2STATUSES
WHERE (STATUS_ID = 31) AND (FLAG_SIGN = 'NEW');
DELETE FROM FLAGS2STATUSES
WHERE (STATUS_ID = 32) AND (FLAG_SIGN = 'APPROVED');
DELETE FROM FLAGS2STATUSES
WHERE (STATUS_ID = 34) AND (FLAG_SIGN = 'FINISHED');
DELETE FROM FLAGS2STATUSES
WHERE (STATUS_ID = 101) AND (FLAG_SIGN = 'NEW');
DELETE FROM FLAGS2STATUSES
WHERE (STATUS_ID = 102) AND (FLAG_SIGN = 'AVAILABLE');
DELETE FROM FLAGS2STATUSES
WHERE (STATUS_ID = 102) AND (FLAG_SIGN = 'CREDIT');
DELETE FROM FLAGS2STATUSES
WHERE (STATUS_ID = 102) AND (FLAG_SIGN = 'DELETEABLE');
DELETE FROM FLAGS2STATUSES
WHERE (STATUS_ID = 102) AND (FLAG_SIGN = 'DRAFT');
DELETE FROM FLAGS2STATUSES
WHERE (STATUS_ID = 103) AND (FLAG_SIGN = 'DELETEABLE');
DELETE FROM FLAGS2STATUSES
WHERE (STATUS_ID = 103) AND (FLAG_SIGN = 'DRAFT');
DELETE FROM FLAGS2STATUSES
WHERE (STATUS_ID = 104) AND (FLAG_SIGN = 'AVAILABLE');
DELETE FROM FLAGS2STATUSES
WHERE (STATUS_ID = 104) AND (FLAG_SIGN = 'DELAY');
DELETE FROM FLAGS2STATUSES
WHERE (STATUS_ID = 105) AND (FLAG_SIGN = 'APPROVED');
DELETE FROM FLAGS2STATUSES
WHERE (STATUS_ID = 105) AND (FLAG_SIGN = 'AVAILABLE');
DELETE FROM FLAGS2STATUSES
WHERE (STATUS_ID = 105) AND (FLAG_SIGN = 'CREDIT');
DELETE FROM FLAGS2STATUSES
WHERE (STATUS_ID = 105) AND (FLAG_SIGN = 'DELAY');
DELETE FROM FLAGS2STATUSES
WHERE (STATUS_ID = 105) AND (FLAG_SIGN = 'DELETEABLE');
DELETE FROM FLAGS2STATUSES
WHERE (STATUS_ID = 105) AND (FLAG_SIGN = 'DRAFT');
DELETE FROM FLAGS2STATUSES
WHERE (STATUS_ID = 106) AND (FLAG_SIGN = 'AVAILABLE');
DELETE FROM FLAGS2STATUSES
WHERE (STATUS_ID = 106) AND (FLAG_SIGN = 'DELAY');
DELETE FROM FLAGS2STATUSES
WHERE (STATUS_ID = 107) AND (FLAG_SIGN = 'AVAILABLE');
DELETE FROM FLAGS2STATUSES
WHERE (STATUS_ID = 107) AND (FLAG_SIGN = 'DELAY');


DELETE FROM STATUSES
WHERE (STATUS_ID = 31);
DELETE FROM STATUSES
WHERE (STATUS_ID = 32);
DELETE FROM STATUSES
WHERE (STATUS_ID = 34);
DELETE FROM STATUSES
WHERE (STATUS_ID = 35);
DELETE FROM STATUSES
WHERE (STATUS_ID = 91);
DELETE FROM STATUSES
WHERE (STATUS_ID = 101);
DELETE FROM STATUSES
WHERE (STATUS_ID = 102);
DELETE FROM STATUSES
WHERE (STATUS_ID = 103);
DELETE FROM STATUSES
WHERE (STATUS_ID = 104);
DELETE FROM STATUSES
WHERE (STATUS_ID = 105);
DELETE FROM STATUSES
WHERE (STATUS_ID = 106);
DELETE FROM STATUSES
WHERE (STATUS_ID = 107);
DELETE FROM STATUSES
WHERE (STATUS_ID = 108);
DELETE FROM STATUSES
WHERE (STATUS_ID = 109);
DELETE FROM STATUSES
WHERE (STATUS_ID = 110);


DELETE FROM ATTRS
WHERE (ATTR_ID = 901);
DELETE FROM ATTRS
WHERE (ATTR_ID = 1000);
DELETE FROM ATTRS
WHERE (ATTR_ID = 1001);
DELETE FROM ATTRS
WHERE (ATTR_ID = 1002);
DELETE FROM ATTRS
WHERE (ATTR_ID = 1003);
DELETE FROM ATTRS
WHERE (ATTR_ID = 1004);
DELETE FROM ATTRS
WHERE (ATTR_ID = 1005);
DELETE FROM ATTRS
WHERE (ATTR_ID = 1100);
DELETE FROM ATTRS
WHERE (ATTR_ID = 1101);
DELETE FROM ATTRS
WHERE (ATTR_ID = 1102);
DELETE FROM ATTRS
WHERE (ATTR_ID = 1103);
DELETE FROM ATTRS
WHERE (ATTR_ID = 1104);
DELETE FROM ATTRS
WHERE (ATTR_ID = 1105);
DELETE FROM ATTRS
WHERE (ATTR_ID = 1106);
DELETE FROM ATTRS
WHERE (ATTR_ID = 1107);
DELETE FROM ATTRS
WHERE (ATTR_ID = 1108);
DELETE FROM ATTRS
WHERE (ATTR_ID = 1109);
DELETE FROM ATTRS
WHERE (ATTR_ID = 1110);


DELETE FROM OBJECTS
WHERE (OBJECT_SIGN = 'ARTICLE');
DELETE FROM OBJECTS
WHERE (OBJECT_SIGN = 'ARTICLECODE');
DELETE FROM OBJECTS
WHERE (OBJECT_SIGN = 'ARTICLESIGN');


