SET SQL DIALECT 3;

SET NAMES WIN1251;

SET CLIENTLIB 'fbclient.dll';


INSERT INTO ACTIONCODES (ACTION_SIGN, ACTION_NAME, OBJECT_SIGN, PROCEDURE_NAME)
  VALUES ('ACCOUNT_USERCREDIT', 'Ручное списание со счета ', 'ACCOUNT', 'ACCOUNT_STORE');

INSERT INTO ACTIONCODES (ACTION_SIGN, ACTION_NAME, OBJECT_SIGN, PROCEDURE_NAME)
  VALUES ('ACCOUNT_USERDEBIT', 'Ручное зачисление на счет', 'ACCOUNT', 'ACCOUNT_STORE');



INSERT INTO ACTIONCODE_CRITERIAS (ACTIONCODE_SIGN, PARAM_NAME, PARAM_KIND, PARAM_ACTION, PARAM_VALUE_1, PARAM_VALUE_2)
  VALUES ('ACCOUNT_CREDIT', 'AMOUNT_EUR', 'N', '>', '0', NULL);

INSERT INTO ACTIONCODE_CRITERIAS (ACTIONCODE_SIGN, PARAM_NAME, PARAM_KIND, PARAM_ACTION, PARAM_VALUE_1, PARAM_VALUE_2)
  VALUES ('ACCOUNT_DEBIT', 'AMOUNT_EUR', 'N', '>', '0', NULL);

INSERT INTO ACTIONCODE_CRITERIAS (ACTIONCODE_SIGN, PARAM_NAME, PARAM_KIND, PARAM_ACTION, PARAM_VALUE_1, PARAM_VALUE_2)
  VALUES ('ACCOUNT_USERCREDIT', 'AMOUNT_EUR', 'N', '>', '0', NULL);

INSERT INTO ACTIONCODE_CRITERIAS (ACTIONCODE_SIGN, PARAM_NAME, PARAM_KIND, PARAM_ACTION, PARAM_VALUE_1, PARAM_VALUE_2)
  VALUES ('ACCOUNT_USERDEBIT', 'AMOUNT_EUR', 'N', '>', '0', NULL);



INSERT INTO ACTIONCODE_PARAMS (ACTION_SIGN, PARAM_NAME, PARAM_KIND, PARAM_VALUE)
  VALUES ('ACCOUNT_USERCREDIT', 'AMOUNT_EUR', 'I', NULL);

INSERT INTO ACTIONCODE_PARAMS (ACTION_SIGN, PARAM_NAME, PARAM_KIND, PARAM_VALUE)
  VALUES ('ACCOUNT_USERCREDIT', 'AMOUNT_EUR', 'W', NULL);

INSERT INTO ACTIONCODE_PARAMS (ACTION_SIGN, PARAM_NAME, PARAM_KIND, PARAM_VALUE)
  VALUES ('ACCOUNT_USERCREDIT', 'BALANCE_EUR', 'W', NULL);

INSERT INTO ACTIONCODE_PARAMS (ACTION_SIGN, PARAM_NAME, PARAM_KIND, PARAM_VALUE)
  VALUES ('ACCOUNT_USERCREDIT', 'ID', 'I', NULL);

INSERT INTO ACTIONCODE_PARAMS (ACTION_SIGN, PARAM_NAME, PARAM_KIND, PARAM_VALUE)
  VALUES ('ACCOUNT_USERCREDIT', 'REST_EUR', 'W', 'REST_EUR');

INSERT INTO ACTIONCODE_PARAMS (ACTION_SIGN, PARAM_NAME, PARAM_KIND, PARAM_VALUE)
  VALUES ('ACCOUNT_USERCREDIT', 'SIGN', 'V', '-1');

INSERT INTO ACTIONCODE_PARAMS (ACTION_SIGN, PARAM_NAME, PARAM_KIND, PARAM_VALUE)
  VALUES ('ACCOUNT_USERDEBIT', 'AMOUNT_EUR', 'I', NULL);

INSERT INTO ACTIONCODE_PARAMS (ACTION_SIGN, PARAM_NAME, PARAM_KIND, PARAM_VALUE)
  VALUES ('ACCOUNT_USERDEBIT', 'AMOUNT_EUR', 'W', NULL);

INSERT INTO ACTIONCODE_PARAMS (ACTION_SIGN, PARAM_NAME, PARAM_KIND, PARAM_VALUE)
  VALUES ('ACCOUNT_USERDEBIT', 'BALANCE_EUR', 'W', NULL);

INSERT INTO ACTIONCODE_PARAMS (ACTION_SIGN, PARAM_NAME, PARAM_KIND, PARAM_VALUE)
  VALUES ('ACCOUNT_USERDEBIT', 'ID', 'I', NULL);

INSERT INTO ACTIONCODE_PARAMS (ACTION_SIGN, PARAM_NAME, PARAM_KIND, PARAM_VALUE)
  VALUES ('ACCOUNT_USERDEBIT', 'REST_EUR', 'W', 'REST_EUR');

INSERT INTO ACTIONCODE_PARAMS (ACTION_SIGN, PARAM_NAME, PARAM_KIND, PARAM_VALUE)
  VALUES ('ACCOUNT_USERDEBIT', 'SIGN', 'V', '1');



UPDATE ACTIONTREE
SET ACTION_SIGN = 'ORDERITEM_ACCEPT'
WHERE (ACTIONTREEITEM_ID = 6);



UPDATE ACTIONTREE_PARAMS
SET PARAM_VALUE = 'COST_EUR'
WHERE (ACTIONTREEITEM_ID = 6) AND (PARAM_NAME = 'AMOUNT_EUR') AND (PARAM_KIND = 'A');



